bidder,bundle,avg,eps,avg-eps,avg+eps,n
1,"[8, 2]",30.90802478368521,1.490359626096674,29.417665157588537,32.39838440978188,10
1,"[8, 1, 2, 3]",61.2633100826492,1.490359626096674,59.77295045655252,62.753669708745875,10
1,"[8, 2, 7]",60.12272869008842,1.490359626096674,58.632369063991746,61.6130883161851,10
1,"[1, 2, 7, 8, 9]",135.2657679909308,1.490359626096674,133.77540836483413,136.7561276170275,10
1,"[0, 9, 2, 4]",51.85337398777273,1.490359626096674,50.36301436167605,53.343733613869404,10
1,"[0, 2, 4]",33.75227449666866,1.490359626096674,32.261914870571985,35.24263412276534,10
1,"[8, 1, 14, 7]",68.93121438857521,1.490359626096674,67.44085476247854,70.42157401467189,10
1,"[2, 14, 7]",32.202576431836825,1.490359626096674,30.71221680574015,33.6929360579335,10
1,"[1, 2, 7, 9, 14]",64.3148758091757,1.490359626096674,62.82451618307903,65.80523543527238,10
1,"[8, 2, 4]",34.87620349408384,1.490359626096674,33.38584386798716,36.366563120180516,10
1,"[3, 4]",10.260771888656283,1.490359626096674,8.770412262559608,11.751131514752958,10
1,"[8, 9, 4, 7]",73.40170592419051,1.490359626096674,71.91134629809383,74.89206555028719,10
1,"[0, 2]",29.92152029368224,1.490359626096674,28.431160667585566,31.41187991977891,10
1,"[0, 1, 2, 14]",48.086279168856876,1.490359626096674,46.5959195427602,49.57663879495355,10
1,"[9, 3, 4, 7]",53.35851665281591,1.490359626096674,51.86815702671923,54.848876278912584,10
1,"[0, 1, 3, 9, 14]",53.8493108473417,1.490359626096674,52.35895122124502,55.339670473438375,10
1,"[0, 1, 8, 9, 14]",75.86718385938458,1.490359626096674,74.3768242332879,77.35754348548126,10
1,"[2, 3, 4, 7, 8]",109.80573802332249,1.490359626096674,108.31537839722581,111.29609764941917,10
1,"[0, 14, 7]",39.40006685506251,1.490359626096674,37.909707228965836,40.89042648115919,10
1,"[2, 4]",15.384123069616482,1.490359626096674,13.893763443519807,16.874482695713155,10
1,"[8, 3, 4]",26.926757308572398,1.490359626096674,25.436397682475725,28.41711693466907,10
1,"[0, 9, 2, 14]",51.637830391877664,1.490359626096674,50.14747076578099,53.12819001797434,10
1,"[8, 1, 4, 7]",54.36290553302497,1.490359626096674,52.872545906928295,55.85326515912165,10
1,"[1, 2, 4, 7, 9]",65.1840071473833,1.490359626096674,63.69364752128662,66.67436677347997,10
1,"[0, 1, 9]",42.91009558190587,1.490359626096674,41.419735955809195,44.40045520800255,10
1,"[0, 4, 7, 8, 14]",72.72524116020782,1.490359626096674,71.23488153411114,74.21560078630449,10
1,"[8, 3]",21.716960671129087,1.490359626096674,20.226601045032414,23.20732029722576,10
1,"[2, 4, 14, 7]",36.41430668939772,1.490359626096674,34.92394706330104,37.904666315494396,10
1,"[0, 1, 8, 9]",63.06042827141937,1.490359626096674,61.57006864532269,64.55078789751605,10
1,"[4, 7, 8, 9, 14]",97.58577354041783,1.490359626096674,96.09541391432116,99.07613316651451,10
1,"[0, 1, 2, 4, 7, 8]",140.28341130402205,1.490359626096674,138.79305167792538,141.77377093011873,10
1,"[1, 2, 4, 8, 9]",87.2104371267706,1.490359626096674,85.72007750067392,88.70079675286728,10
1,"[0, 1, 2, 3, 4, 8, 14]",147.02304344926947,1.490359626096674,145.5326838231728,148.51340307536614,10
1,"[0, 1, 2, 3, 8, 14]",131.1112658797368,1.490359626096674,129.62090625364013,132.60162550583348,10
1,"[0, 2, 3, 4, 7, 8, 9]",180.8500063240507,1.490359626096674,179.35964669795402,182.34036595014737,10
1,"[1, 7]",23.1196886706225,1.490359626096674,21.62932904452583,24.610048296719174,10
1,"[1, 2, 7]",42.778813182760246,1.490359626096674,41.28845355666357,44.26917280885692,10
1,"[1, 3, 4, 7, 9, 14]",62.89056492710536,1.490359626096674,61.40020530100868,64.38092455320204,10
1,"[0, 2, 3, 14]",40.09652891227177,1.490359626096674,38.606169286175096,41.58688853836845,10
1,"[1, 2, 3, 4, 7]",83.49011561087613,1.490359626096674,81.99975598477945,84.98047523697281,10
1,"[0, 3, 8, 9, 14]",91.30060908373368,1.490359626096674,89.810249457637,92.79096870983035,10
1,"[0, 1, 2, 3, 8, 9]",164.0487040187798,1.490359626096674,162.55834439268313,165.53906364487648,10
1,"[2, 14]",14.593912708581163,1.490359626096674,13.103553082484488,16.084272334677838,10
1,"[0, 1, 2, 3, 9, 14]",117.54600246816793,1.490359626096674,116.05564284207125,119.0363620942646,10
1,"[0, 1, 3, 4, 7]",62.466867748266885,1.490359626096674,60.97650812217021,63.95722737436356,10
1,"[2, 3, 8, 9, 14]",110.0819421715941,1.490359626096674,108.59158254549742,111.57230179769077,10
1,"[1, 3, 7, 8, 9, 14]",144.14240517301874,1.490359626096674,142.65204554692207,145.63276479911542,10
1,"[0, 1, 2, 3, 4, 7, 8, 14]",190.9882351808862,1.490359626096674,189.49787555478952,192.47859480698287,10
1,"[0, 1, 2, 4, 14]",51.79884906992868,1.490359626096674,50.308489443832,53.289208696025355,10
1,"[1, 3, 9, 7]",48.84234416159045,1.490359626096674,47.35198453549377,50.33270378768712,10
1,"[0, 3, 4, 9, 14]",58.23373701801123,1.490359626096674,56.74337739191456,59.72409664410791,10
1,"[1, 2, 3, 7, 8]",108.75625980706631,1.490359626096674,107.26590018096964,110.24661943316299,10
1,"[0, 3, 4, 7, 8, 14]",78.49017703650978,1.490359626096674,76.9998174104131,79.98053666260645,10
1,"[0, 1, 2, 7, 8, 9, 14]",209.23011626161866,1.490359626096674,207.73975663552199,210.72047588771534,10
1,"[9, 3]",25.492870073544534,1.490359626096674,24.00251044744786,26.983229699641207,10
1,"[0, 1, 4, 7, 9, 14]",78.06967418287995,1.490359626096674,76.57931455678327,79.56003380897663,10
1,"[9, 14, 7]",38.860410452519886,1.490359626096674,37.37005082642321,40.35077007861656,10
1,"[9, 3, 14, 7]",46.19408770367478,1.490359626096674,44.703728077578106,47.68444732977146,10
1,"[0, 1, 3, 4, 9]",60.50658980380392,1.490359626096674,59.01623017770724,61.996949429900596,10
1,"[2, 3, 7, 8, 14]",108.19830071142414,1.490359626096674,106.70794108532746,109.68866033752082,10
1,"[0, 1, 2, 3, 4, 8, 9, 14]",192.99191059347055,1.490359626096674,191.50155096737387,194.48227021956723,10
1,"[1, 2, 3, 4, 8, 9]",131.636416497042,1.490359626096674,130.14605687094533,133.12677612313868,10
1,"[0, 1, 2, 4, 7, 9, 14]",111.05794198549009,1.490359626096674,109.56758235939341,112.54830161158677,10
1,"[0, 2, 4, 7, 8, 9]",128.7219508972879,1.490359626096674,127.23159127119123,130.2123105233846,10
1,"[0, 1, 2, 8, 9, 14]",160.54516606546946,1.490359626096674,159.05480643937278,162.03552569156614,10
1,"[1, 3, 4]",13.570577302252886,1.490359626096674,12.080217676156211,15.06093692834956,10
1,"[0, 1, 3, 7, 8, 9]",177.60620706195826,1.490359626096674,176.11584743586158,179.09656668805493,10
1,"[0, 1, 2]",44.096952819217044,1.490359626096674,42.60659319312037,45.58731244531372,10
1,"[0, 8, 9]",56.98546350849409,1.490359626096674,55.495103882397416,58.47582313459077,10
1,"[1, 4, 7, 8, 14]",72.9885806342668,1.490359626096674,71.49822100817012,74.47894026036347,10
1,"[0, 1, 4, 8, 9, 14]",79.64331577307256,1.490359626096674,78.15295614697588,81.13367539916923,10
1,"[2, 3, 4, 8, 9, 14]",131.45787664941548,1.490359626096674,129.9675170233188,132.94823627551216,10
1,"[3, 4, 14]",13.192039716400833,1.490359626096674,11.701680090304158,14.682399342497508,10
1,"[8, 1, 14]",25.95234227906015,1.490359626096674,24.461982652963478,27.442701905156824,10
1,"[0, 8, 7]",55.966434468904495,1.490359626096674,54.47607484280782,57.45679409500117,10
1,"[8, 3, 14, 7]",55.24421062652889,1.490359626096674,53.75385100043221,56.734570252625566,10
1,"[0, 1, 3, 4, 8]",51.15660291022576,1.490359626096674,49.66624328412908,52.646962536322434,10
1,"[2, 3, 7, 9, 14]",66.89682449422587,1.490359626096674,65.40646486812919,68.38718412032254,10
1,"[0, 2, 4, 8, 9]",84.10739842025905,1.490359626096674,82.61703879416237,85.59775804635572,10
1,"[0, 1, 7, 8, 14]",120.65804839373189,1.490359626096674,119.16768876763521,122.14840801982857,10
1,"[1, 2, 3, 4, 7, 8, 14]",144.371960216937,1.490359626096674,142.88160059084032,145.86231984303367,10
1,"[8, 3, 14]",27.675738980348314,1.490359626096674,26.18537935425164,29.166098606444987,10
1,"[8, 9, 3, 14]",72.390648253055,1.490359626096674,70.90028862695833,73.88100787915168,10
1,"[0, 1, 2, 3, 4, 7, 9, 14]",186.27667212693459,1.490359626096674,184.7863125008379,187.76703175303126,10
1,"[1, 2, 3, 14]",29.55845084985599,1.490359626096674,28.068091223759318,31.048810475952664,10
1,"[0, 2, 3, 4, 7]",62.525006664362614,1.490359626096674,61.03464703826594,64.01536629045928,10
1,"[1, 3, 8, 9, 14]",75.98358176283048,1.490359626096674,74.4932221367338,77.47394138892716,10
1,"[0, 1, 4, 14]",32.30123973737905,1.490359626096674,30.810880111282376,33.791599363475726,10
1,[14],3.2520176824662443,1.490359626096674,1.7616580563695703,4.742377308562919,10
1,"[8, 9, 2, 7]",106.0593649788656,1.490359626096674,104.56900535276893,107.54972460496228,10
1,"[1, 2, 3, 4, 7, 14]",86.89972256010104,1.490359626096674,85.40936293400436,88.39008218619772,10
1,"[0, 1, 3, 7]",57.593448668680175,1.490359626096674,56.1030890425835,59.08380829477685,10
1,"[9, 2, 4, 14]",36.881458220442404,1.490359626096674,35.39109859434573,38.37181784653908,10
1,"[0, 1, 8, 7]",93.90599473596014,1.490359626096674,92.41563510986346,95.39635436205681,10
1,"[0, 1, 2, 7, 9]",103.09270300348525,1.490359626096674,101.60234337738858,104.58306262958193,10
1,"[0, 2, 3, 4, 7, 9, 14]",103.83241614540137,1.490359626096674,102.34205651930469,105.32277577149804,10
1,"[0, 2, 7, 8, 9, 14]",153.60107068360858,1.490359626096674,152.1107110575119,155.09143030970526,10
1,"[0, 1, 3, 4, 7, 8, 14]",130.5545445367744,1.490359626096674,129.0641849106777,132.04490416287106,10
1,"[0, 1, 3, 7, 8, 14]",125.51894790975511,1.490359626096674,124.02858828365844,127.00930753585179,10
1,[9],17.979705172207872,1.490359626096674,16.4893455461112,19.470064798304545,10
1,"[0, 2, 4, 7, 8, 9, 14]",157.8118334836907,1.490359626096674,156.32147385759401,159.30219310978737,10
1,"[0, 9, 3, 7]",61.6463544851166,1.490359626096674,60.15599485901993,63.13671411121328,10
1,"[1, 3, 4, 9, 14]",43.29325606355216,1.490359626096674,41.80289643745548,44.78361568964883,10
1,"[0, 2, 3, 7, 8]",102.66172909723696,1.490359626096674,101.17136947114028,104.15208872333363,10
1,"[0, 8]",35.05707260258077,1.490359626096674,33.56671297648409,36.547432228677444,10
1,"[0, 8, 2]",49.44565870565093,1.490359626096674,47.95529907955425,50.936018331747604,10
1,"[1, 2, 3, 7, 8, 14]",128.63892189958102,1.490359626096674,127.14856227348434,130.1292815256777,10
1,"[0, 1, 3, 4, 8, 9, 14]",120.12099589931934,1.490359626096674,118.63063627322266,121.61135552541602,10
1,"[0, 1, 3, 7, 14]",61.20893664714831,1.490359626096674,59.71857702105164,62.69929627324499,10
1,"[2, 3, 4, 8, 9]",111.10178163728582,1.490359626096674,109.61142201118915,112.5921412633825,10
1,[7],17.203808804143936,1.490359626096674,15.713449178047261,18.69416843024061,10
1,"[0, 2, 4, 7, 9, 14]",72.73100385028418,1.490359626096674,71.2406442241875,74.22136347638086,10
1,"[1, 2, 3, 4, 9, 14]",88.27302134777904,1.490359626096674,86.78266172168236,89.76338097387571,10
1,"[0, 1, 2, 4, 7, 8, 9]",195.73426133682023,1.490359626096674,194.24390171072355,197.2246209629169,10
1,"[8, 9, 3, 7]",96.0104300480734,1.490359626096674,94.52007042197673,97.50078967417008,10
1,"[1, 2, 9]",34.74241668681633,1.490359626096674,33.25205706071965,36.232776312913,10
1,"[0, 2, 4, 7, 14]",54.94585805605817,1.490359626096674,53.455498429961494,56.43621768215485,10
1,"[2, 3]",18.074268882064622,1.490359626096674,16.58390925596795,19.564628508161295,10
1,"[0, 1, 3, 4, 8, 14]",56.97648806096267,1.490359626096674,55.486128434865996,58.46684768705935,10
1,"[1, 3, 14, 7]",31.81852694354304,1.490359626096674,30.32816731744637,33.30888656963972,10
1,"[14, 7]",20.907366818393477,1.490359626096674,19.417007192296804,22.39772644449015,10
1,"[0, 4, 14, 7]",43.47678702444981,1.490359626096674,41.986427398353136,44.96714665054649,10
1,"[8, 1, 2, 9]",83.32412473206278,1.490359626096674,81.83376510596611,84.81448435815946,10
1,"[9, 2, 3, 4]",64.21217815170488,1.490359626096674,62.7218185256082,65.70253777780155,10
1,"[8, 9, 14]",51.24047260158768,1.490359626096674,49.75011297549101,52.73083222768436,10
1,"[1, 2, 3, 8, 9, 14]",129.88481853847017,1.490359626096674,128.3944589123735,131.37517816456685,10
1,"[0, 8, 14]",40.960978087550735,1.490359626096674,39.47061846145406,42.45133771364741,10
1,"[0, 2, 3, 4]",45.293426714365495,1.490359626096674,43.80306708826882,46.78378634046217,10
1,"[1, 2, 3, 7, 14]",65.82256388699821,1.490359626096674,64.33220426090153,67.31292351309489,10
1,"[9, 4, 14, 7]",43.10969083872569,1.490359626096674,41.619331212629014,44.60005046482237,10
1,"[0, 1, 2, 8]",83.96093044194072,1.490359626096674,82.47057081584404,85.4512900680374,10
1,"[2, 4, 7, 8, 14]",85.85137790551252,1.490359626096674,84.36101827941584,87.3417375316092,10
1,"[0, 3, 4, 8, 9]",92.06324749275589,1.490359626096674,90.57288786665922,93.55360711885257,10
1,"[0, 1, 4, 9]",46.87298446824023,1.490359626096674,45.38262484214356,48.36334409433691,10
1,"[8, 2, 14, 7]",81.60129974811764,1.490359626096674,80.11094012202096,83.09165937421432,10
1,"[8, 1, 2, 4]",45.78747828591292,1.490359626096674,44.29711865981624,47.277837912009595,10
1,"[0, 9, 14, 7]",57.34381268217511,1.490359626096674,55.853453056078436,58.83417230827179,10
1,"[1, 3, 14]",11.857526664613067,1.490359626096674,10.367167038516392,13.347886290709742,10
1,"[0, 1, 2, 4, 8]",87.73708096067402,1.490359626096674,86.24672133457734,89.2274405867707,10
1,"[0, 2, 7, 8, 14]",100.3533904134032,1.490359626096674,98.86303078730653,101.84375003949988,10
1,"[9, 14]",21.592828237735752,1.490359626096674,20.10246861163908,23.083187863832425,10
1,"[0, 9, 2, 3]",63.76558310099092,1.490359626096674,62.27522347489425,65.2559427270876,10
1,"[1, 2, 3, 4, 8, 14]",99.0758867222032,1.490359626096674,97.58552709610652,100.56624634829987,10
1,"[1, 2, 4, 9]",38.944325010832856,1.490359626096674,37.45396538473618,40.43468463692953,10
1,"[0, 8, 14, 7]",68.71474356673222,1.490359626096674,67.22438394063555,70.2051031928289,10
1,"[0, 2, 7, 9, 14]",68.73628623918937,1.490359626096674,67.24592661309269,70.22664586528605,10
1,"[8, 9, 4]",42.608284581224986,1.490359626096674,41.11792495512831,44.09864420732166,10
1,"[9, 4, 14]",25.5566735788343,1.490359626096674,24.066313952737627,27.047033204930973,10
1,"[2, 4, 8, 9, 14]",86.82092900029947,1.490359626096674,85.3305693742028,88.31128862639615,10
1,"[0, 2, 7, 8, 9]",125.11754533018056,1.490359626096674,123.62718570408389,126.60790495627724,10
1,"[0, 8, 2, 3]",62.05302771031546,1.490359626096674,60.562668084218785,63.54338733641214,10
1,"[0, 1, 3]",29.726626038084696,1.490359626096674,28.236266411988023,31.21698566418137,10
1,"[2, 3, 4, 7]",44.23554292203409,1.490359626096674,42.745183295937416,45.72590254813077,10
1,"[0, 1, 2, 3, 14]",67.33836701263806,1.490359626096674,65.84800738654138,68.82872663873474,10
1,"[0, 9]",36.92729425549731,1.490359626096674,35.43693462940063,38.417653881593985,10
1,"[3, 4, 7, 8, 9]",123.55358276466787,1.490359626096674,122.06322313857119,125.04394239076454,10
1,[2],11.213490578203572,1.490359626096674,9.723130952106898,12.703850204300247,10
1,"[0, 2, 4, 8, 9, 14]",105.37518257777329,1.490359626096674,103.88482295167661,106.86554220386996,10
1,"[0, 3, 4, 7, 8, 9]",142.24183572319902,1.490359626096674,140.75147609710234,143.7321953492957,10
1,"[0, 1, 3, 4, 7, 9, 14]",92.39552720653087,1.490359626096674,90.9051675804342,93.88588683262755,10
1,[0],18.83118219406878,1.490359626096674,17.340822567972108,20.321541820165454,10
1,"[1, 2, 9, 14]",37.787751063952925,1.490359626096674,36.29739143785625,39.2781106900496,10
1,"[0, 8, 4, 7]",60.472621559513605,1.490359626096674,58.98226193341693,61.96298118561028,10
1,"[0, 2, 4, 7, 9]",69.2309345434518,1.490359626096674,67.74057491735512,70.72129416954847,10
1,"[1, 3, 4, 7, 8, 9, 14]",160.1327924689734,1.490359626096674,158.64243284287673,161.62315209507008,10
1,"[0, 2, 4, 14]",37.4479092383397,1.490359626096674,35.95754961224302,38.938268864436374,10
1,"[8, 1, 9, 7]",93.30049998611108,1.490359626096674,91.8101403600144,94.79085961220775,10
1,"[0, 4, 8, 9, 14]",73.7621908648952,1.490359626096674,72.27183123879853,75.25255049099188,10
1,"[1, 2, 3, 7, 9, 14]",115.47972452138262,1.490359626096674,113.98936489528595,116.9700841474793,10
1,"[0, 1, 2, 3, 4, 9]",135.8654861404917,1.490359626096674,134.37512651439502,137.35584576658837,10
1,"[1, 2, 4, 7, 8, 9, 14]",162.17929539864292,1.490359626096674,160.68893577254624,163.6696550247396,10
1,"[9, 2, 3]",45.37046089155895,1.490359626096674,43.88010126546227,46.860820517655625,10
1,"[0, 1, 4, 8, 14]",51.07462975704789,1.490359626096674,49.58427013095121,52.564989383144564,10
1,"[0, 2, 4, 7, 8, 14]",104.36340626854557,1.490359626096674,102.8730466424489,105.85376589464225,10
1,"[0, 1, 3, 7, 8, 9, 14]",194.61021866578537,1.490359626096674,193.1198590396887,196.10057829188204,10
1,"[8, 3, 4, 14]",32.36468567080871,1.490359626096674,30.87432604471204,33.85504529690539,10
1,"[2, 3, 4, 9, 14]",67.7068310571236,1.490359626096674,66.21647143102692,69.19719068322027,10
1,"[0, 1, 3, 7, 8]",99.10160995449552,1.490359626096674,97.61125032839884,100.59196958059219,10
1,"[1, 4, 7, 8, 9, 14]",123.56503125954573,1.490359626096674,122.07467163344906,125.05539088564241,10
1,"[0, 3, 4, 8, 9, 14]",114.16107612762998,1.490359626096674,112.6707165015333,115.65143575372666,10
1,"[1, 4, 9, 7]",45.73158345028634,1.490359626096674,44.24122382418966,47.22194307638301,10
1,"[0, 8, 2, 14]",60.21483269389715,1.490359626096674,58.724473067800474,61.70519231999383,10
1,"[0, 1, 9, 14]",46.385069641882446,1.490359626096674,44.89471001578577,47.87542926797912,10
1,"[0, 1, 14]",28.133040346541407,1.490359626096674,26.642680720444734,29.62339997263808,10
1,"[8, 2, 4, 7]",64.16303697257861,1.490359626096674,62.67267734648193,65.65339659867529,10
1,"[1, 2, 4, 7, 8]",86.16633239888309,1.490359626096674,84.67597277278641,87.65669202497976,10
1,"[0, 1, 2, 8, 14]",108.22868131957242,1.490359626096674,106.73832169347574,109.7190409456691,10
1,"[1, 3, 4, 9]",39.99831454404259,1.490359626096674,38.507954917945916,41.48867417013927,10
1,"[0, 3, 7, 9, 14]",64.93338203788645,1.490359626096674,63.44302241178977,66.42374166398312,10
1,"[0, 1, 3, 4]",34.81597791923248,1.490359626096674,33.325618293135804,36.30633754532916,10
1,"[1, 2, 3, 4, 8]",81.49358280068658,1.490359626096674,80.0032231745899,82.98394242678326,10
1,"[0, 1, 14, 7]",56.018425902251785,1.490359626096674,54.52806627615511,57.50878552834846,10
1,"[8, 9, 2, 4]",65.43392044044421,1.490359626096674,63.943560814347535,66.92428006654089,10
1,"[1, 2, 3, 4, 7, 8]",129.89632419158664,1.490359626096674,128.40596456548997,131.38668381768332,10
1,"[0, 2, 3, 4, 8, 14]",100.27467470743495,1.490359626096674,98.78431508133828,101.76503433353163,10
1,"[9, 2, 7]",46.795190018446085,1.490359626096674,45.30483039234941,48.28554964454276,10
1,"[0, 1, 2, 3]",64.43464132804763,1.490359626096674,62.944281701950956,65.92500095414431,10
1,"[2, 3, 4, 7, 14]",47.886172637645075,1.490359626096674,46.3958130115484,49.37653226374175,10
1,"[0, 1, 3, 8, 9]",77.38789088035671,1.490359626096674,75.89753125426003,78.87825050645338,10
1,"[0, 1, 2, 3, 7, 8, 9]",212.68956124026508,1.490359626096674,211.1992016141684,214.17992086636175,10
1,"[0, 1, 2, 4, 9, 14]",70.24319121418587,1.490359626096674,68.7528315880892,71.73355084028255,10
1,"[1, 2, 3, 4, 7, 8, 9]",178.8550075942259,1.490359626096674,177.36464796812922,180.34536722032257,10
1,"[8, 1, 3, 9]",56.525338941464994,1.490359626096674,55.03497931536832,58.01569856756167,10
1,"[0, 1, 2, 3, 7, 8]",162.10826842637,1.490359626096674,160.6179088002733,163.59862805246667,10
1,"[0, 1, 3, 4, 7, 9]",88.8934968463081,1.490359626096674,87.40313722021142,90.38385647240477,10
1,"[0, 1, 2, 4, 8, 14]",112.50437838928767,1.490359626096674,111.01401876319099,113.99473801538434,10
1,"[1, 3, 4, 7, 8, 9]",145.35081546558334,1.490359626096674,143.86045583948666,146.84117509168001,10
1,"[0, 1, 3, 4, 7, 8]",104.40482193605924,1.490359626096674,102.91446230996256,105.89518156215591,10
1,"[1, 2, 4, 8, 9, 14]",111.63101491902805,1.490359626096674,110.14065529293137,113.12137454512472,10
1,"[0, 1, 2, 3, 4, 7, 9]",182.93805579970098,1.490359626096674,181.4476961736043,184.42841542579765,10
1,"[0, 1, 2, 7, 14]",88.33305578933603,1.490359626096674,86.84269616323935,89.8234154154327,10
1,"[1, 4, 14]",11.246609452035276,1.490359626096674,9.756249825938601,12.736969078131951,10
1,"[3, 4, 14, 7]",30.633779293547537,1.490359626096674,29.143419667450864,32.12413891964421,10
1,"[3, 4, 7, 8, 9, 14]",145.02674332717189,1.490359626096674,143.5363837010752,146.51710295326856,10
1,"[1, 2, 4, 7, 8, 14]",110.13349637240614,1.490359626096674,108.64313674630947,111.62385599850282,10
1,"[8, 1, 4, 14]",30.094535273003864,1.490359626096674,28.60417564690719,31.584894899100536,10
1,"[0, 9, 2, 7]",65.4519990137004,1.490359626096674,63.961639387603725,66.94235863979708,10
1,"[1, 2, 4, 9, 14]",42.21873836690493,1.490359626096674,40.72837874080825,43.709097993001606,10
1,"[0, 2, 3, 7, 9, 14]",84.80878726907419,1.490359626096674,83.31842764297751,86.29914689517086,10
1,"[0, 9, 3, 14]",47.53758794778347,1.490359626096674,46.047228321686795,49.02794757388015,10
1,"[1, 3, 4, 7, 9]",59.42148251276272,1.490359626096674,57.931122886666046,60.9118421388594,10
1,"[0, 2, 3, 8, 14]",79.64727340453592,1.490359626096674,78.15691377843925,81.1376330306326,10
1,"[1, 2, 3, 4, 7, 8, 9, 14]",190.27822727472497,1.490359626096674,188.7878676486283,191.76858690082165,10
1,"[9, 3, 4, 14]",39.73043331422575,1.490359626096674,38.24007368812907,41.220792940322426,10
1,"[0, 1, 3, 7, 9]",78.40127231094286,1.490359626096674,76.91091268484618,79.89163193703953,10
1,"[2, 3, 4, 8, 14]",81.74115158772219,1.490359626096674,80.25079196162551,83.23151121381886,10
1,"[8, 9, 4, 14]",55.321963280910644,1.490359626096674,53.83160365481397,56.81232290700732,10
1,"[0, 1, 2, 7]",85.0988456594803,1.490359626096674,83.60848603338363,86.58920528557698,10
1,"[0, 1, 7, 8, 9]",150.22609332190103,1.490359626096674,148.73573369580436,151.7164529479977,10
1,"[0, 1, 2, 3, 7, 8, 9, 14]",225.05390295174158,0.3782754381905773,224.675627513551,225.43217838993215,100
1,"[0, 1, 2, 3, 4, 7, 14]",137.33593995783878,1.490359626096674,135.8455803317421,138.82629958393545,10
1,"[0, 1, 8, 14]",47.00980805400658,1.490359626096674,45.5194484279099,48.50016768010325,10
1,"[9, 2, 4, 7]",51.04596512550065,1.490359626096674,49.555605499403974,52.53632475159733,10
1,"[0, 1, 2, 9, 14]",66.02378124041545,1.490359626096674,64.53342161431877,67.51414086651212,10
1,"[0, 1, 3, 14]",33.304616886566244,1.490359626096674,31.81425726046957,34.79497651266292,10
1,"[1, 2, 8, 9, 14]",107.29024260539511,1.490359626096674,105.79988297929843,108.78060223149178,10
1,"[0, 1, 4, 7]",56.515099818677754,1.490359626096674,55.02474019258108,58.00545944477443,10
1,"[8, 2, 14]",41.70102773495772,1.490359626096674,40.21066810886104,43.191387361054396,10
1,"[8, 9, 2, 14]",82.99252302436955,1.490359626096674,81.50216339827287,84.48288265046622,10
1,"[0, 1, 4, 7, 8, 14]",124.659309300002,1.490359626096674,123.16894967390532,126.14966892609867,10
1,"[0, 2, 3, 7, 8, 9, 14]",179.6103341280369,1.490359626096674,178.11997450194022,181.10069375413357,10
1,"[1, 2, 3, 7]",62.382945468020615,1.490359626096674,60.89258584192394,63.87330509411729,10
1,"[0, 2, 3, 4, 14]",48.838399898940565,1.490359626096674,47.34804027284389,50.32875952503724,10
1,"[1, 3, 7, 8, 9]",122.69280304955353,1.490359626096674,121.20244342345686,124.18316267565021,10
1,"[8, 3, 7]",42.553233552452355,1.490359626096674,41.06287392635568,44.04359317854903,10
1,"[8, 2, 3, 4]",61.63197073466788,1.490359626096674,60.141611108571205,63.12233036076456,10
1,"[0, 4, 7, 8, 9, 14]",115.80413528236379,1.490359626096674,114.31377565626711,117.29449490846046,10
1,"[0, 1, 2, 3, 7, 8, 14]",178.16763385073915,0.3782754381905773,177.78935841254858,178.54590928892972,100
1,"[1, 3, 4, 8, 9, 14]",99.19799958824059,1.490359626096674,97.70763996214392,100.68835921433727,10
1,"[8, 4, 14, 7]",53.87364134297535,1.490359626096674,52.38328171687867,55.36400096907202,10
1,"[0, 1, 2, 9]",62.59377546565005,1.490359626096674,61.10341583955337,64.08413509174672,10
1,"[2, 4, 7, 9, 14]",54.30582537595882,1.490359626096674,52.81546574986214,55.796185002055495,10
1,"[0, 4]",22.90299504414633,1.490359626096674,21.412635418049657,24.393354670243003,10
1,"[2, 4, 14]",18.74389325981003,1.490359626096674,17.253533633713356,20.234252885906702,10
1,"[0, 1, 2, 4, 7, 9]",107.24047892428453,1.490359626096674,105.75011929818785,108.73083855038121,10
1,"[3, 4, 7]",27.428432677296676,1.490359626096674,25.938073051200004,28.91879230339335,10
1,"[1, 2, 3, 4, 8, 9, 14]",146.17431784622036,1.490359626096674,144.68395822012369,147.66467747231704,10
1,"[9, 2, 14]",32.54926447225819,1.490359626096674,31.058904846161514,34.039624098354864,10
1,"[2, 3, 4, 7, 8, 9]",162.22562981403766,1.490359626096674,160.73527018794098,163.71598944013434,10
1,"[0, 2, 3, 4, 7, 8]",128.24956567311193,1.490359626096674,126.75920604701525,129.7399252992086,10
1,"[0, 8, 3, 4]",45.38562278820357,1.490359626096674,43.89526316210689,46.875982414300246,10
1,"[1, 3, 7, 8, 14]",73.88758833061078,1.490359626096674,72.3972287045141,75.37794795670746,10
1,"[0, 2, 3, 4, 9]",83.0100797556463,1.490359626096674,81.51972012954963,84.50043938174298,10
1,"[0, 1, 2, 8, 9]",137.52366570653888,1.490359626096674,136.0333060804422,139.01402533263555,10
1,"[9, 3, 7]",43.009355241460824,1.490359626096674,41.51899561536415,44.4997148675575,10
1,"[1, 2, 4]",20.615513272848645,1.490359626096674,19.125153646751972,22.105872898945318,10
1,"[8, 9, 2, 3]",85.40565630862744,1.490359626096674,83.91529668253077,86.89601593472412,10
1,"[0, 4, 14]",26.378491618431838,1.490359626096674,24.888131992335165,27.86885124452851,10
1,"[0, 1, 4, 8, 9]",67.10347478526295,1.490359626096674,65.61311515916627,68.59383441135962,10
1,"[8, 9, 14, 7]",93.35236695156254,1.490359626096674,91.86200732546587,94.84272657765922,10
1,"[0, 1, 2, 4]",48.55054873808069,1.490359626096674,47.060189111984016,50.04090836417737,10
1,"[0, 1, 7]",52.63264541593575,1.490359626096674,51.14228578983907,54.123005042032425,10
1,"[1, 4, 9, 14]",29.52314510062676,1.490359626096674,28.032785474530087,31.013504726723433,10
1,"[0, 8, 2, 7]",78.6953371500957,1.490359626096674,77.20497752399902,80.18569677619237,10
1,"[1, 2, 4, 8, 14]",62.836924645688384,1.490359626096674,61.34656501959171,64.32728427178506,10
1,"[1, 3, 4, 7, 14]",36.57075880090703,1.490359626096674,35.08039917481035,38.061118427003706,10
1,"[0, 2, 3, 8, 9]",103.83426610193055,1.490359626096674,102.34390647583388,105.32462572802723,10
1,"[8, 3, 4, 7]",47.80629580585933,1.490359626096674,46.31593617976265,49.296655431956005,10
1,"[0, 1, 3, 8, 14]",51.84402273633155,1.490359626096674,50.353663110234876,53.33438236242823,10
1,"[0, 8, 3, 14]",45.914547491310735,1.490359626096674,44.42418786521406,47.40490711740741,10
1,"[1, 3, 4, 7, 8]",59.92411609351493,1.490359626096674,58.433756467418256,61.41447571961161,10
1,"[0, 2, 3, 9, 14]",67.73836192917908,1.490359626096674,66.2480023030824,69.22872155527575,10
1,"[2, 3, 4, 7, 9]",81.79381025097152,1.490359626096674,80.30345062487484,83.2841698770682,10
1,"[0, 3, 4, 7]",46.044458038976686,1.490359626096674,44.55409841288001,47.53481766507336,10
1,"[9, 2]",29.698487541871412,1.490359626096674,28.20812791577474,31.188847167968085,10
1,"[0, 1, 4, 7, 8]",98.29757311210025,1.490359626096674,96.80721348600358,99.78793273819693,10
1,"[1, 14, 7]",26.40038504977749,1.490359626096674,24.910025423680818,27.890744675874164,10
1,"[8, 2, 3, 7]",84.20564965044609,1.490359626096674,82.71529002434941,85.69600927654277,10
1,"[8, 2, 3, 14]",60.78126757329792,1.490359626096674,59.29090794720124,62.271627199394594,10
1,"[0, 2, 4, 7]",51.42855940429623,1.490359626096674,49.938199778199554,52.91891903039291,10
1,"[8, 1, 9, 14]",54.565959759887576,1.490359626096674,53.0756001337909,56.05631938598425,10
1,"[0, 4, 7, 8, 9]",91.93432356151257,1.490359626096674,90.4439639354159,93.42468318760925,10
1,"[1, 2, 7, 8, 9, 14]",157.8770380222913,1.490359626096674,156.3866783961946,159.36739764838796,10
1,"[0, 3, 4, 14]",31.87498440779878,1.490359626096674,30.384624781702108,33.365344033895454,10
1,"[0, 2, 3, 4, 7, 14]",66.46036266543341,1.490359626096674,64.97000303933673,67.95072229153008,10
1,"[0, 8, 3, 7]",61.49499794146551,1.490359626096674,60.00463831536884,62.98535756756219,10
1,"[1, 3, 4, 8, 14]",35.9565786780191,1.490359626096674,34.46621905192242,37.446938304115776,10
1,"[0, 2, 3, 7, 9]",81.53708275101474,1.490359626096674,80.04672312491806,83.02744237711141,10
1,"[3, 14]",8.707836362762887,1.490359626096674,7.217476736666213,10.198195988859561,10
1,"[2, 7]",28.852802201875242,1.490359626096674,27.36244257577857,30.343161827971915,10
1,"[1, 2, 4, 7, 9, 14]",68.73380299802562,1.490359626096674,67.24344337192895,70.2241626241223,10
1,"[0, 1, 2, 3, 4, 8, 9]",181.38510176027802,1.490359626096674,179.89474213418134,182.8754613863747,10
1,"[0, 2, 3, 4, 9, 14]",86.1477089227949,1.490359626096674,84.65734929669823,87.63806854889158,10
1,[3],4.711955365204548,1.490359626096674,3.2215957391078742,6.202314991301222,10
1,"[2, 4, 7, 8, 9]",109.9217082203096,1.490359626096674,108.43134859421292,111.41206784640627,10
1,"[0, 2, 3, 7, 8, 14]",127.21015553547923,1.490359626096674,125.71979590938255,128.7005151615759,10
1,"[0, 1, 4, 7, 8, 9, 14]",178.76197248477325,1.490359626096674,177.27161285867658,180.25233211086993,10
1,"[9, 3, 14]",28.659562990926666,1.490359626096674,27.169203364829993,30.14992261702334,10
1,"[9, 7]",35.73610224409989,1.490359626096674,34.24574261800321,37.226461870196566,10
1,"[1, 4, 7, 9, 14]",49.19216605035874,1.490359626096674,47.70180642426207,50.68252567645542,10
1,"[0, 2, 3, 4, 8, 9, 14]",149.81685211882845,1.490359626096674,148.32649249273177,151.30721174492513,10
1,"[0, 2, 3, 8, 9, 14]",128.5530673904069,1.490359626096674,127.06270776431023,130.04342701650359,10
1,"[0, 1, 3, 8]",46.405234971999036,1.490359626096674,44.91487534590236,47.89559459809571,10
1,"[3, 4, 7, 8, 14]",59.810725860502316,1.490359626096674,58.32036623440564,61.30108548659899,10
1,"[0, 1, 2, 3, 9]",113.82999498314197,1.490359626096674,112.3396353570453,115.32035460923865,10
1,"[0, 1, 2, 3, 4, 7, 8]",179.55547546773255,1.490359626096674,178.06511584163587,181.04583509382923,10
1,"[1, 2, 14, 7]",46.09647132992985,1.490359626096674,44.60611170383317,47.586830956026525,10
1,"[0, 8, 4, 9]",61.32882322254218,1.490359626096674,59.8384635964455,62.81918284863885,10
1,"[1, 7, 8, 9, 14]",119.73726485683842,1.490359626096674,118.24690523074175,121.2276244829351,10
1,"[8, 14, 7]",50.013564120500746,1.490359626096674,48.52320449440407,51.50392374659742,10
1,"[0, 1, 2, 3, 4, 7]",133.88956124501368,1.490359626096674,132.399201618917,135.37992087111036,10
1,"[0, 1, 3, 4, 7, 8, 9]",195.6490037510273,1.490359626096674,194.15864412493062,197.13936337712397,10
1,"[0, 3, 4, 7, 9, 14]",75.92463526230839,1.490359626096674,74.43427563621171,77.41499488840506,10
1,"[1, 4, 9]",25.75895263939565,1.490359626096674,24.268593013298975,27.24931226549232,10
1,"[0, 8, 3]",40.10124660754648,1.490359626096674,38.6108869814498,41.591606233643155,10
1,"[4, 14, 7]",25.026610249651736,1.490359626096674,23.536250623555063,26.51696987574841,10
1,"[2, 3, 4, 7, 9, 14]",85.06482339139794,1.490359626096674,83.57446376530126,86.55518301749461,10
1,"[1, 3, 4, 7, 8, 14]",78.97628041565663,1.490359626096674,77.48592078955996,80.46664004175331,10
1,"[2, 4, 7, 8, 9, 14]",139.13130243422384,1.490359626096674,137.64094280812716,140.62166206032052,10
1,"[0, 1, 2, 7, 8, 14]",158.96030071893375,1.490359626096674,157.46994109283708,160.45066034503043,10
1,"[0, 3, 4, 7, 8, 9, 14]",163.59556334747305,1.490359626096674,162.10520372137637,165.08592297356972,10
1,"[0, 3, 7, 8, 9, 14]",141.26678898072996,1.490359626096674,139.77642935463328,142.75714860682663,10
1,[1],3.798983194342148,1.490359626096674,2.3086235682454737,5.289342820438822,10
1,"[0, 1, 3, 4, 7, 14]",65.85159910839266,1.490359626096674,64.36123948229599,67.34195873448934,10
1,"[0, 1, 2, 3, 7, 14]",115.64237910443732,1.490359626096674,114.15201947834065,117.132738730534,10
1,"[0, 1, 2, 4, 7, 8, 14]",163.3807900521477,1.490359626096674,161.890430426051,164.87114967824436,10
1,"[1, 3, 4, 7]",33.461127891924015,1.490359626096674,31.970768265827342,34.95148751802069,10
1,"[0, 1, 2, 3, 4, 8]",132.39467322529617,1.490359626096674,130.9043135991995,133.88503285139285,10
1,"[1, 4, 7]",27.811853060030124,1.490359626096674,26.32149343393345,29.302212686126797,10
1,"[0, 2, 3, 4, 8, 9]",129.78241675621607,1.490359626096674,128.2920571301194,131.27277638231274,10
1,"[1, 2, 4, 7, 8, 9]",139.62229521078459,1.490359626096674,138.1319355846879,141.11265483688126,10
1,"[0, 1, 2, 3, 4, 9, 14]",139.15071385580785,1.490359626096674,137.66035422971117,140.64107348190453,10
1,"[0, 1, 4, 7, 9]",74.4943129060133,1.490359626096674,73.00395327991663,75.98467253210998,10
1,"[0, 1, 2, 4, 7, 8, 9, 14]",213.2739436107507,1.490359626096674,211.78358398465403,214.76430323684738,10
1,"[8, 1, 3, 7]",54.93605483625963,1.490359626096674,53.44569521016295,56.426414462356306,10
1,"[0, 3, 4, 8, 14]",50.67457085520293,1.490359626096674,49.18421122910625,52.164930481299606,10
1,"[9, 2, 3, 7]",62.83687316084299,1.490359626096674,61.346513534746315,64.32723278693966,10
1,"[2, 3, 7]",35.64931981323913,1.490359626096674,34.158960187142455,37.13967943933581,10
1,"[1, 2, 3, 7, 9]",111.68791719757601,1.490359626096674,110.19755757147934,113.17827682367269,10
1,"[0, 1, 3, 4, 9, 14]",63.90244048158413,1.490359626096674,62.41208085548745,65.3928001076808,10
1,"[4, 14]",7.575057097266923,1.490359626096674,6.084697471170249,9.065416723363597,10
1,"[0, 1, 2, 3, 8, 9, 14]",179.90400614290326,1.490359626096674,178.41364651680658,181.39436576899993,10
1,"[0, 3, 7]",41.26220452181948,1.490359626096674,39.7718448957228,42.752564147916154,10
1,"[0, 4, 7, 9, 14]",61.586418607920905,1.490359626096674,60.09605898182423,63.07677823401758,10
1,"[8, 9, 3, 4]",73.40736121442349,1.490359626096674,71.91700158832681,74.89772084052017,10
1,"[0, 2, 14]",33.52221891745984,1.490359626096674,32.03185929136316,35.012578543556515,10
1,"[0, 14]",21.85440060417697,1.490359626096674,20.364040978080297,23.344760230273643,10
1,"[2, 7, 8, 9, 14]",135.25431445617895,1.490359626096674,133.76395483008227,136.74467408227562,10
1,"[2, 3, 4, 7, 8, 14]",129.4308757523142,1.490359626096674,127.94051612621752,130.92123537841087,10
1,"[8, 14]",22.475924254351362,1.490359626096674,20.98556462825469,23.966283880448035,10
1,"[0, 1, 2, 7, 9, 14]",106.62127561284994,1.490359626096674,105.13091598675327,108.11163523894662,10
1,"[0, 1, 2, 7, 8, 9]",192.00437581449495,1.490359626096674,190.51401618839827,193.49473544059163,10
1,"[8, 1, 4, 9]",46.047145441367164,1.490359626096674,44.55678581527049,47.53750506746384,10
1,"[8, 1, 4]",24.391208925115556,1.490359626096674,22.900849299018883,25.88156855121223,10
1,"[0, 2, 14, 7]",50.889667111906405,1.490359626096674,49.39930748580973,52.38002673800308,10
1,"[9, 2, 4]",33.68411034380593,1.490359626096674,32.19375071770926,35.17446996990261,10
1,"[0, 7, 8, 9, 14]",111.99140140103728,1.490359626096674,110.5010417749406,113.48176102713396,10
1,"[8, 2, 4, 14]",45.672784152263844,1.490359626096674,44.18242452616717,47.16314377836052,10
1,"[0, 1, 9, 7]",70.85756542126067,1.490359626096674,69.367205795164,72.34792504735735,10
1,"[0, 1, 2, 7, 8]",136.0874732963048,1.490359626096674,134.59711367020813,137.57783292240148,10
1,"[0, 9, 3]",44.17596955469942,1.490359626096674,42.685609928602744,45.6663291807961,10
1,[8],16.632490812859743,1.490359626096674,15.142131186763068,18.122850438956416,10
1,"[0, 1, 4, 8]",45.59268971851237,1.490359626096674,44.10233009241569,47.083049344609044,10
1,"[9, 2, 14, 7]",49.90477394385026,1.490359626096674,48.41441431775358,51.395133569946935,10
1,"[0, 1, 2, 4, 9]",66.79529337077375,1.490359626096674,65.30493374467707,68.28565299687043,10
1,"[8, 1]",20.10097961269277,1.490359626096674,18.610619986596095,21.59133923878944,10
1,"[8, 1, 2]",42.00367192751213,1.490359626096674,40.51331230141545,43.49403155360881,10
1,"[1, 2, 3]",26.437976471264456,1.490359626096674,24.947616845167783,27.92833609736113,10
1,"[1, 3]",8.55611435511022,1.490359626096674,7.065754729013546,10.046473981206894,10
1,"[8, 9, 2]",61.432468074331915,1.490359626096674,59.94210844823524,62.92282770042859,10
1,"[1, 3, 9, 14]",32.8047464253111,1.490359626096674,31.31438679921443,34.29510605140778,10
1,"[0, 3, 4, 7, 9]",72.07214503631795,1.490359626096674,70.58178541022127,73.56250466241463,10
1,"[1, 2, 3, 8, 14]",80.88217572556746,1.490359626096674,79.39181609947079,82.37253535166414,10
1,"[0, 2, 3, 4, 7, 8, 9, 14]",196.93688041337953,1.490359626096674,195.44652078728285,198.4272400394762,10
1,"[0, 1, 2, 4, 8, 9]",141.37918694525013,1.490359626096674,139.88882731915345,142.8695465713468,10
1,"[1, 2, 3, 4, 7, 9, 14]",136.3776615817031,1.490359626096674,134.88730195560643,137.86802120779979,10
1,"[0, 8, 4, 14]",44.92380799011992,1.490359626096674,43.43344836402324,46.414167616216595,10
1,"[1, 2, 9, 7]",61.024015669300944,1.490359626096674,59.53365604320427,62.51437529539762,10
1,"[0, 2, 4, 9, 14]",55.933194253572864,1.490359626096674,54.44283462747619,57.42355387966954,10
1,[4],4.148415390701797,1.490359626096674,2.6580557646051233,5.638775016798471,10
1,"[0, 1, 3, 4, 14]",37.80106728731214,1.490359626096674,36.31070766121546,39.29142691340881,10
1,"[2, 3, 7, 8, 9]",138.09079314325365,1.490359626096674,136.60043351715697,139.58115276935033,10
1,"[0, 1, 2, 3, 4, 7, 8, 9, 14]",236.69994829096316,1.490359626096674,235.2095886648665,238.19030791705984,10
1,"[1, 9, 14]",25.243746882031083,1.490359626096674,23.75338725593441,26.734106508127756,10
1,"[0, 1, 2, 3, 7, 9]",165.61163835816095,1.490359626096674,164.12127873206427,167.10199798425762,10
1,"[0, 9, 2]",47.822143726771145,1.490359626096674,46.33178410067447,49.31250335286782,10
1,"[1, 2, 3, 4, 14]",43.483115496918614,1.490359626096674,41.99275587082194,44.97347512301529,10
1,"[0, 2, 3, 7]",53.74617979419097,1.490359626096674,52.255820168094296,55.23653942028765,10
1,"[2, 3, 4, 14]",30.706274806038635,1.490359626096674,29.215915179941963,32.19663443213531,10
1,"[3, 4, 8, 9, 14]",95.87150924547731,1.490359626096674,94.38114961938064,97.36186887157399,10
1,"[0, 1, 2, 3, 7]",112.72136752937232,1.490359626096674,111.23100790327564,114.21172715546899,10
1,"[0, 3, 7, 8, 9]",114.14283771137323,1.490359626096674,112.65247808527656,115.63319733746991,10
1,"[0, 2, 8, 9, 14]",101.52200100090985,1.490359626096674,100.03164137481318,103.01236062700653,10
1,"[9, 4, 7]",39.494262704092414,1.490359626096674,38.00390307799574,40.98462233018909,10
1,"[8, 7]",37.60804156083931,1.490359626096674,36.117681934742635,39.09840118693599,10
1,"[0, 1, 3, 7, 9, 14]",81.49236770628326,1.490359626096674,80.00200808018658,82.98272733237994,10
1,"[1, 2, 14]",19.8789465298153,1.490359626096674,18.388586903718625,21.36930615591197,10
1,"[8, 1, 3, 4]",30.041125547779682,1.490359626096674,28.55076592168301,31.531485173876355,10
1,"[1, 14]",6.9825640680549155,1.490359626096674,5.492204441958242,8.47292369415159,10
1,"[0, 3, 7, 8, 14]",73.5565704919332,1.490359626096674,72.06621086583652,75.04693011802988,10
1,"[1, 2, 3, 4, 9]",84.91341883249768,1.490359626096674,83.423059206401,86.40377845859436,10
1,"[2, 3, 14, 7]",38.790064266844354,1.490359626096674,37.29970464074768,40.28042389294103,10
1,"[0, 1, 2, 3, 4]",85.99452060192343,1.490359626096674,84.50416097582675,87.4848802280201,10
1,"[8, 4, 7]",41.53965119255042,1.490359626096674,40.049291566453746,43.0300108186471,10
1,"[3, 7, 8, 9, 14]",122.42345454755234,0.034616367652045704,122.38883817990029,122.45807091520439,10000
1,"[1, 3, 7]",28.629888946257687,1.490359626096674,27.139529320161014,30.12024857235436,10
1,"[0, 3, 14]",26.891451116876283,1.490359626096674,25.40109149077961,28.381810742972956,10
1,"[0, 1, 7, 9, 14]",74.34350984390787,1.490359626096674,72.85315021781119,75.83386947000454,10
1,"[1, 2, 3, 7, 8, 9]",161.09353425188206,1.490359626096674,159.60317462578539,162.58389387797874,10
1,"[8, 9, 7]",69.62635475447446,1.490359626096674,68.13599512837779,71.11671438057114,10
1,"[4, 7]",21.275101798096607,1.490359626096674,19.784742171999934,22.76546142419328,10
1,"[2, 3, 14]",21.46515979378061,1.490359626096674,19.974800167683938,22.955519419877284,10
1,"[8, 1, 3, 14]",30.822346389165794,1.490359626096674,29.33198676306912,32.31270601526247,10
1,"[0, 3, 4, 7, 14]",49.67317211584862,1.490359626096674,48.182812489751946,51.1635317419453,10
1,"[1, 3, 9]",29.40813347253195,1.490359626096674,27.917773846435278,30.898493098628624,10
1,"[0, 3, 4, 7, 8]",66.23775311689094,1.490359626096674,64.74739349079427,67.72811274298762,10
1,"[8, 2, 3]",43.61068879800932,1.490359626096674,42.120329171912644,45.101048424106,10
1,"[1, 2, 3, 9, 14]",67.18018676915345,1.490359626096674,65.68982714305677,68.67054639525013,10
1,"[1, 2, 3, 8, 9]",110.34955995660137,1.490359626096674,108.85920033050469,111.83991958269804,10
1,"[0, 1, 4, 9, 14]",50.24974806360744,1.490359626096674,48.759388437510765,51.74010768970412,10
1,"[0, 9, 4, 14]",44.540897020007066,1.490359626096674,43.05053739391039,46.03125664610374,10
1,"[8, 1, 2, 7]",81.92603581792562,1.490359626096674,80.43567619182895,83.4163954440223,10
1,"[0, 8, 4]",39.16708789349737,1.490359626096674,37.67672826740069,40.657447519594044,10
1,"[0, 2, 4, 8, 14]",64.47370816449089,1.490359626096674,62.98334853839421,65.96406779058756,10
1,"[1, 9]",21.991791074336007,1.490359626096674,20.501431448239334,23.48215070043268,10
1,"[1, 2, 3, 4, 7, 9]",132.81334562087227,1.490359626096674,131.3229859947756,134.30370524696895,10
1,"[0, 1, 2, 4, 8, 9, 14]",164.54112796115555,1.490359626096674,163.05076833505888,166.03148758725223,10
1,"[2, 3, 4, 7, 8, 9, 14]",178.41493278019715,1.490359626096674,176.92457315410047,179.90529240629382,10
1,"[8, 4]",20.672488971042913,1.490359626096674,19.18212934494624,22.162848597139586,10
1,"[1, 3, 4, 14]",17.062083618337027,1.490359626096674,15.571723992240353,18.5524432444337,10
1,"[2, 3, 4]",27.111326071583544,1.490359626096674,25.62096644548687,28.601685697680217,10
1,"[1, 2, 4, 7]",46.72945137877721,1.490359626096674,45.23909175268054,48.21981100487389,10
1,"[0, 8, 9, 14]",69.39731308139248,1.490359626096674,67.9069534552958,70.88767270748916,10
1,"[1, 4, 7, 8, 9]",97.57616113192,1.490359626096674,96.08580150582333,99.06652075801668,10
1,"[1, 2, 4, 14]",24.488988275730367,1.490359626096674,22.998628649633694,25.97934790182704,10
1,"[0, 8, 9, 7]",88.14412664497502,1.490359626096674,86.65376701887834,89.6344862710717,10
1,"[0, 2, 3]",36.522273627291256,1.490359626096674,35.03191400119458,38.01263325338793,10
1,"[1, 4, 8, 9, 14]",59.045659213673545,1.490359626096674,57.55529958757687,60.53601883977022,10
1,"[0, 3]",23.43642627530957,1.490359626096674,21.9460666492129,24.926785901406245,10
1,"[8, 1, 9]",42.362535443061624,1.490359626096674,40.87217581696495,43.8528950691583,10
1,"[0, 1, 2, 3, 4, 14]",88.99655272582443,1.490359626096674,87.50619309972775,90.4869123519211,10
1,"[3, 14, 7]",25.743909312633,1.490359626096674,24.253549686536328,27.234268938729674,10
1,"[0, 3, 4]",28.675965438157032,1.490359626096674,27.18560581206036,30.166325064253705,10
1,"[0, 9, 3, 4]",54.635168500731126,1.490359626096674,53.14480887463445,56.1255281268278,10
1,"[1, 3, 7, 9, 14]",52.47715175616007,1.490359626096674,50.98679213006339,53.967511382256745,10
1,"[0, 2, 3, 4, 8]",80.50591480523973,1.490359626096674,79.01555517914305,81.9962744313364,10
1,"[2, 3, 7, 8, 9, 14]",161.0114026673396,0.3782754381905773,160.63312722914904,161.38967810553018,100
1,"[0, 9, 4, 7]",58.17713805038723,1.490359626096674,56.68677842429055,59.667497676483904,10
1,"[8, 1, 2, 14]",58.733396399983086,1.490359626096674,57.24303677388641,60.22375602607976,10
1,"[0, 2, 4, 7, 8]",82.66179798144651,1.490359626096674,81.17143835534984,84.15215760754319,10
1,"[0, 9, 14]",40.12613955486022,1.490359626096674,38.63577992876354,41.61649918095689,10
1,"[0, 1, 2, 4, 7, 14]",92.17751994550818,1.490359626096674,90.6871603194115,93.66787957160486,10
1,"[0, 8, 3, 9]",71.43988456904285,1.490359626096674,69.94952494294617,72.93024419513952,10
1,"[8, 1, 7]",50.017024135688864,1.490359626096674,48.52666450959219,51.50738376178554,10
1,"[0, 2, 3, 7, 8, 9]",156.5234430795296,1.490359626096674,155.03308345343294,158.0138027056263,10
1,[],-0.048557205779217204,1.490359626096674,-1.5389168318758912,1.4418024203174569,10
1,"[8, 4, 14]",26.235875106923146,1.490359626096674,24.745515480826473,27.72623473301982,10
1,"[0, 1, 4, 7, 8, 9]",154.27091055416577,1.490359626096674,152.7805509280691,155.76127018026244,10
1,"[0, 1, 3, 8, 9, 14]",97.14065730440278,1.490359626096674,95.6502976783061,98.63101693049946,10
1,"[0, 2, 3, 4, 7, 9]",99.96435309340319,1.490359626096674,98.47399346730651,101.45471271949987,10
1,"[0, 1, 2, 3, 4, 7, 8, 9]",226.56914598790746,1.490359626096674,225.07878636181078,228.05950561400414,10
1,"[0, 1, 7, 8, 9, 14]",174.56610850351262,1.490359626096674,173.07574887741595,176.0564681296093,10
1,"[0, 2, 3, 4, 7, 8, 14]",148.1995350564787,1.490359626096674,146.70917543038203,149.68989468257539,10
1,"[1, 9, 7]",41.29038230116203,1.490359626096674,39.80002267506536,42.78074192725871,10
1,"[3, 7]",22.13515575652174,1.490359626096674,20.644796130425068,23.625515382618413,10
1,"[0, 1]",24.83305241370578,1.490359626096674,23.342692787609106,26.323412039802452,10
1,"[0, 1, 3, 4, 8, 9]",98.32147129082684,1.490359626096674,96.83111166473016,99.81183091692351,10
1,"[8, 9, 3]",53.02780852690701,1.490359626096674,51.53744890081033,54.518168153003685,10
1,"[0, 1, 2, 3, 7, 9, 14]",169.07952558360824,1.490359626096674,167.58916595751157,170.56988520970492,10
1,"[0, 1, 4]",28.666245062771072,1.490359626096674,27.1758854366744,30.156604688867745,10
1,"[1, 2]",16.038812693861544,1.490359626096674,14.54845306776487,17.529172319958217,10
1,"[8, 9]",38.639792609004374,1.490359626096674,37.1494329829077,40.13015223510105,10
1,"[8, 1, 3]",24.95086061217039,1.490359626096674,23.46050098607372,26.441220238267064,10
1,"[0, 1, 2, 4, 7]",89.04170969937755,1.490359626096674,87.55135007328087,90.53206932547423,10
1,"[0, 9, 4]",40.59333336695455,1.490359626096674,39.10297374085788,42.08369299305123,10
1,"[1, 4]",7.796701692798753,1.490359626096674,6.306342066702079,9.287061318895427,10
1,"[9, 3, 4]",36.24512953773244,1.490359626096674,34.75476991163576,37.735489163829115,10
1,"[0, 3, 14, 7]",44.508735455233925,1.490359626096674,43.01837582913725,45.9990950813306,10
1,"[0, 1, 8]",41.5073328426145,1.490359626096674,40.016973216517826,42.99769246871118,10
1,"[1, 2, 4, 7, 14]",50.455049025689206,1.490359626096674,48.96468939959253,51.94540865178588,10
1,"[9, 4]",22.274725452339784,1.490359626096674,20.78436582624311,23.765085078436456,10
1,"[0, 4, 7]",40.17291342738983,1.490359626096674,38.68255380129315,41.663273053486506,10
1,"[1, 2, 3, 7, 8, 9, 14]",177.58166290099982,1.490359626096674,176.09130327490314,179.0720225270965,10
1,"[0, 1, 4, 7, 14]",60.051917546073966,1.490359626096674,58.56155791997729,61.54227717217064,10
1,"[0, 7]",35.8487192359423,1.490359626096674,34.35835960984562,37.339078862038974,10
1,"[1, 2, 3, 9]",63.65751932915206,1.490359626096674,62.16715970305538,65.14787895524873,10
1,"[0, 2, 7]",47.35411228027575,1.490359626096674,45.86375265417907,48.844471906372426,10
1,"[1, 14, 9, 7]",44.841241471647415,1.490359626096674,43.35088184555074,46.33160109774409,10
1,"[0, 8, 2, 4]",53.58611001264593,1.490359626096674,52.095750386549255,55.07646963874261,10
1,"[1, 2, 7, 8, 14]",105.90851924259398,1.490359626096674,104.4181596164973,107.39887886869066,10
1,"[1, 2, 3, 4]",40.320386012435975,1.490359626096674,38.8300263863393,41.81074563853265,10
1,"[0, 2, 3, 7, 14]",57.36413876897632,1.490359626096674,55.87377914287964,58.854498395072994,10
1,"[1, 3, 4, 8, 9]",77.19777561595404,1.490359626096674,75.70741598985737,78.68813524205072,10
1,"[2, 4, 7]",32.716466056820295,1.490359626096674,31.226106430723622,34.20682568291697,10
1,"[1, 4, 14, 7]",30.483956062890865,1.490359626096674,28.993596436794192,31.974315688987538,10
1,"[0, 8, 2, 9]",79.90646407954938,1.490359626096674,78.4161044534527,81.39682370564606,10
1,"[9, 2, 3, 14]",49.19360620831473,1.490359626096674,47.70324658221806,50.68396583441141,10
1,"[0, 1, 3, 4, 7, 8, 9, 14]",208.00898908066142,1.490359626096674,206.51862945456475,209.4993487067581,10
1,"[0, 9, 7]",54.30394807039605,1.490359626096674,52.81358844429938,55.79430769649273,10
1,"[0, 1, 3, 9]",50.44324016427724,1.490359626096674,48.952880538180565,51.93359979037392,10
1,"[3, 4, 7, 9, 14]",57.058877666258944,1.490359626096674,55.56851804016227,58.54923729235562,10
1,"[0, 1, 2, 3, 8]",111.0407985019541,1.490359626096674,109.55043887585742,112.53115812805078,10
2,"[1, 12, 6]",26.42548451764921,1.490359626096674,24.935124891552537,27.915844143745883,10
2,"[0, 12, 7]",38.77663840299901,1.490359626096674,37.286278776902336,40.26699802909569,10
2,"[0, 2, 6, 7]",69.47813839073974,1.490359626096674,67.98777876464307,70.96849801683642,10
2,"[0, 1, 7]",52.53128589688638,1.490359626096674,51.040926270789704,54.02164552298306,10
2,"[2, 6]",20.318806454973124,1.490359626096674,18.82844682887645,21.809166081069797,10
2,"[0, 12]",23.723214148210168,1.490359626096674,22.232854522113495,25.21357377430684,10
2,"[0, 2, 12]",30.340541261525537,1.490359626096674,28.850181635428864,31.83090088762221,10
2,[1],6.153148102669588,1.490359626096674,4.662788476572914,7.643507728766262,10
2,"[1, 12, 7]",28.138729173851438,1.490359626096674,26.648369547754765,29.62908879994811,10
2,"[0, 12, 6]",49.89402273281486,1.490359626096674,48.403663106718184,51.38438235891154,10
2,"[1, 2, 6, 7]",69.25681142177844,1.490359626096674,67.76645179568176,70.74717104787511,10
2,"[1, 7]",23.02335815305309,1.490359626096674,21.532998526956415,24.51371777914976,10
2,"[0, 6]",35.85758624652753,1.490359626096674,34.367226620430856,37.34794587262421,10
2,"[1, 2, 7]",36.50840338572199,1.490359626096674,35.018043759625314,37.99876301181867,10
2,"[0, 2, 6]",42.307304745218744,1.490359626096674,40.81694511912207,43.79766437131542,10
2,"[1, 12, 6, 7]",66.08743104298469,1.490359626096674,64.59707141688801,67.57779066908137,10
2,"[0, 2]",25.196183448952432,1.490359626096674,23.70582382285576,26.686543075049105,10
2,"[1, 6, 7]",46.12725433745281,1.490359626096674,44.636894711356135,47.61761396354949,10
2,"[1, 2, 12, 7]",41.38002971723875,1.490359626096674,39.88967009114207,42.870389343335425,10
2,"[0, 2, 12, 6]",56.52578482036498,1.490359626096674,55.035425194268306,58.01614444646166,10
2,"[2, 12, 6]",27.352986101564404,1.490359626096674,25.86262647546773,28.843345727661077,10
2,"[0, 1, 6, 7]",89.43600864157864,1.490359626096674,87.94564901548196,90.92636826767531,10
2,"[12, 6]",20.994141720561778,1.490359626096674,19.503782094465105,22.48450134665845,10
2,"[1, 6]",19.97222579136422,1.490359626096674,18.481866165267547,21.462585417460893,10
2,"[0, 7]",33.51320942589626,1.490359626096674,32.02284979979958,35.00356905199293,10
2,"[0, 2, 6, 7, 12]",94.39395603275983,1.490359626096674,92.90359640666315,95.88431565885651,10
2,"[1, 2, 6]",27.631814039493072,1.490359626096674,26.1414544133964,29.122173665589745,10
2,"[0, 2, 7]",40.39636719459943,1.490359626096674,38.90600756850275,41.886726820696104,10
2,"[0, 12, 6, 7]",87.6519643923068,1.490359626096674,86.16160476621012,89.14232401840347,10
2,"[0, 1, 6, 7, 12]",117.3591463403025,1.490359626096674,115.86878671420583,118.84950596639918,10
2,"[2, 6, 7]",38.396766533268874,1.490359626096674,36.9064069071722,39.88712615936555,10
2,"[0, 1, 2]",41.32448387484226,1.490359626096674,39.83412424874558,42.814843500938935,10
2,"[0, 1, 12, 6]",72.98751258713156,1.490359626096674,71.49715296103489,74.47787221322824,10
2,"[0, 1]",27.30630280297537,1.490359626096674,25.815943176878697,28.796662429072043,10
2,"[6, 7]",31.339973401264633,1.490359626096674,29.84961377516796,32.830333027361306,10
2,"[0, 1, 12, 7]",57.499663652466644,1.490359626096674,56.00930402636997,58.99002327856332,10
2,"[0, 1, 2, 7, 12]",82.27690726594528,1.490359626096674,80.7865476398486,83.76726689204196,10
2,"[1, 12]",11.161337195490688,1.490359626096674,9.670977569394013,12.651696821587363,10
2,"[1, 2, 12]",18.802527203772776,1.490359626096674,17.312167577676103,20.29288682986945,10
2,"[0, 1, 6]",51.14102489087883,1.490359626096674,49.650665264782155,52.63138451697551,10
2,"[0, 1, 2, 12]",46.29426791450304,1.490359626096674,44.80390828840636,47.784627540599715,10
2,"[2, 12, 6, 7]",51.73464921422156,1.490359626096674,50.244289588124886,53.22500884031824,10
2,"[2, 7]",21.605413980741105,1.490359626096674,20.115054354644432,23.095773606837778,10
2,[12],4.859608998339289,1.490359626096674,3.3692493722426153,6.349968624435963,10
2,"[2, 12, 7]",26.881803564751426,1.490359626096674,25.391443938654753,28.3721631908481,10
2,[2],6.3343517879827935,1.490359626096674,4.84399216188612,7.824711414079467,10
2,"[12, 7]",19.972675231015508,1.490359626096674,18.482315604918835,21.46303485711218,10
2,"[0, 1, 2, 6, 7]",120.79081567457965,1.490359626096674,119.30045604848297,122.28117530067632,10
2,"[0, 1, 2, 6, 7, 12]",145.63826047972262,1.490359626096674,144.14790085362594,147.1286201058193,10
2,"[1, 2]",13.83398027396494,1.490359626096674,12.343620647868265,15.324339900061615,10
2,"[0, 6, 7]",63.207869776140384,1.490359626096674,61.71751015004371,64.69822940223706,10
2,"[1, 2, 12, 6]",34.374647871766825,1.490359626096674,32.88428824567015,35.8650074978635,10
2,"[0, 2, 12, 7]",45.203743588106434,1.490359626096674,43.71338396200976,46.69410321420311,10
2,"[0, 1, 2, 7]",77.18378807261888,1.490359626096674,75.6934284465222,78.67414769871556,10
2,[7],14.941096351546538,1.490359626096674,13.450736725449863,16.43145597764321,10
2,"[2, 12]",11.579417374874614,1.490359626096674,10.08905774877794,13.069777000971289,10
2,"[0, 1, 12]",32.10922410682319,1.490359626096674,30.61886448072652,33.59958373291987,10
2,"[12, 6, 7]",44.996104570971575,1.490359626096674,43.5057449448749,46.48646419706825,10
2,[6],13.77143109985152,0.3782754381905773,13.393155661660943,14.149706538042098,100
2,"[0, 1, 2, 6]",74.69744156350575,1.490359626096674,73.20708193740907,76.18780118960242,10
2,"[1, 2, 6, 7, 12]",93.21449602202576,1.490359626096674,91.72413639592908,94.70485564812243,10
2,"[0, 1, 2, 6, 12]",100.49750178169909,1.490359626096674,99.00714215560241,101.98786140779576,10
2,[],0.00018211681844846445,0.034616367652045704,-0.03443425083359724,0.03479848447049417,10000
2,[0],18.773863348958315,1.490359626096674,17.283503722861642,20.264222975054988,10
3,"[17, 10, 11]",62.79354694021622,1.490359626096674,61.30318731411954,64.2839065663129,10
3,"[17, 10]",30.679601612477676,1.490359626096674,29.189241986381003,32.16996123857435,10
3,"[16, 17, 5, 10, 11, 15]",162.72349308741786,1.490359626096674,161.2331334613212,164.21385271351454,10
3,"[10, 15]",22.451225660721086,1.490359626096674,20.960866034624413,23.94158528681776,10
3,"[17, 11, 5]",47.23088334850445,1.490359626096674,45.74052372240777,48.721242974601125,10
3,"[17, 5]",18.78505870704795,1.490359626096674,17.294699080951276,20.27541833314462,10
3,"[16, 17, 11]",57.596160002608315,1.490359626096674,56.10580037651164,59.08651962870499,10
3,"[16, 5, 15]",26.79598112073745,1.490359626096674,25.30562149464078,28.286340746834124,10
3,"[16, 10, 5, 15]",56.48245700784207,1.490359626096674,54.992097381745396,57.97281663393875,10
3,"[16, 17, 10, 11]",104.29600396980213,1.490359626096674,102.80564434370545,105.7863635958988,10
3,[10],19.29104597116669,1.490359626096674,17.800686345070016,20.781405597263362,10
3,"[16, 5]",21.865038921939256,1.490359626096674,20.374679295842583,23.35539854803593,10
3,"[16, 11, 5]",41.04369244954882,1.490359626096674,39.553332823452145,42.5340520756455,10
3,"[16, 17, 10, 15]",82.21658507151558,1.490359626096674,80.7262254454189,83.70694469761226,10
3,"[16, 17, 5, 10, 11]",139.81441525270793,1.490359626096674,138.32405562661125,141.3047748788046,10
3,"[16, 10, 15]",49.374734281310246,1.490359626096674,47.88437465521357,50.86509390740692,10
3,"[16, 17, 11, 5]",84.46147378972748,1.490359626096674,82.9711141636308,85.95183341582415,10
3,"[10, 5, 15]",29.235938199551903,1.490359626096674,27.74557857345523,30.726297825648576,10
3,"[10, 11]",39.15417790039788,1.490359626096674,37.66381827430121,40.64453752649456,10
3,"[17, 10, 15]",33.99688404145702,1.490359626096674,32.506524415360346,35.4872436675537,10
3,"[10, 11, 15]",42.5485509544694,1.490359626096674,41.05819132837272,44.038910580566075,10
3,"[11, 5]",26.058612956968197,1.490359626096674,24.568253330871524,27.54897258306487,10
3,"[16, 17]",29.689255172494985,1.490359626096674,28.19889554639831,31.179614798591658,10
3,"[16, 11]",31.38022120763545,1.490359626096674,29.889861581538778,32.87058083373213,10
3,"[16, 17, 5, 11, 15]",108.59867521399447,1.490359626096674,107.10831558789779,110.08903484009114,10
3,"[16, 15]",20.301786916833656,1.490359626096674,18.811427290736983,21.79214654293033,10
3,"[16, 10, 11, 15]",90.09737164229458,1.490359626096674,88.6070120161979,91.58773126839125,10
3,"[16, 17, 10, 11, 15]",132.4088708781962,1.490359626096674,130.91851125209953,133.8992305042929,10
3,"[10, 11, 5, 15]",59.91781194477513,1.490359626096674,58.427452318678455,61.40817157087181,10
3,"[17, 10, 5, 15]",41.31867332990248,1.490359626096674,39.828313703805804,42.80903295599916,10
3,"[17, 15]",14.795219753432983,1.490359626096674,13.304860127336308,16.285579379529658,10
3,"[17, 10, 5]",37.689090044367326,1.490359626096674,36.19873041827065,39.179449670464,10
3,[16],14.955895498075304,1.490359626096674,13.465535871978629,16.446255124171977,10
3,"[10, 11, 5]",56.1433752567419,1.490359626096674,54.65301563064522,57.633734882838574,10
3,"[16, 17, 10]",60.78489733103461,1.490359626096674,59.29453770493793,62.27525695713128,10
3,"[16, 11, 5, 15]",46.36600462599721,1.490359626096674,44.87564499990054,47.85636425209389,10
3,[11],16.566203174022743,1.490359626096674,15.075843547926068,18.056562800119416,10
3,[17],11.788821969536254,1.490359626096674,10.29846234343958,13.279181595632929,10
3,"[16, 10, 5]",44.63146104966257,1.490359626096674,43.14110142356589,46.121820675759245,10
3,"[16, 17, 11, 15]",78.00256246591019,1.490359626096674,76.51220283981351,79.49292209200686,10
3,"[16, 17, 15]",40.264285612791284,1.490359626096674,38.77392598669461,41.75464523888796,10
3,"[16, 10, 11, 5]",96.14614726768325,1.490359626096674,94.65578764158657,97.63650689377992,10
3,"[5, 15]",10.105636020048221,1.490359626096674,8.615276393951547,11.595995646144896,10
3,"[17, 5, 10, 11, 15]",94.11452459191818,1.490359626096674,92.6241649658215,95.60488421801486,10
3,"[17, 11]",31.676052951489094,1.490359626096674,30.18569332539242,33.16641257758577,10
3,"[11, 15]",19.8094463526491,0.3782754381905773,19.431170914458523,20.187721790839678,100
3,"[17, 10, 11, 5]",90.84573131947771,1.490359626096674,89.35537169338103,92.33609094557438,10
3,"[10, 5]",25.78684277660826,1.490359626096674,24.296483150511587,27.277202402704933,10
3,[5],6.518111649577958,1.490359626096674,5.027752023481284,8.008471275674632,10
3,"[16, 10]",37.5165327547583,1.490359626096674,36.026173128661625,39.00689238085498,10
3,[15],3.343963896064827,0.034616367652045704,3.309347528412781,3.3785802637168727,10000
3,"[16, 10, 11]",67.55604164958,1.490359626096674,66.06568202348332,69.04640127567667,10
3,"[16, 17, 5, 15]",46.97468309667959,1.490359626096674,45.484323470582915,48.46504272277627,10
3,"[16, 11, 15]",36.627657536926215,1.490359626096674,35.13729791082954,38.11801716302289,10
3,"[16, 17, 10, 5]",67.84299612629985,1.490359626096674,66.35263650020318,69.33335575239653,10
3,"[17, 5, 15]",22.23963047094496,1.490359626096674,20.749270844848287,23.729990097041632,10
3,"[11, 5, 15]",29.033773971844976,1.490359626096674,27.543414345748303,30.52413359794165,10
3,"[17, 11, 5, 15]",50.18507193274781,1.490359626096674,48.694712306651134,51.67543155884449,10
3,"[17, 11, 15]",34.550829487071056,1.490359626096674,33.06046986097438,36.04118911316773,10
3,"[17, 10, 11, 15]",66.03999307581381,1.490359626096674,64.54963344971713,67.53035270191049,10
3,"[16, 5, 10, 11, 15]",122.84874641383408,1.490359626096674,121.3583867877374,124.33910603993075,10
3,"[16, 17, 5, 10, 15]",89.14235407516517,1.490359626096674,87.6519944490685,90.63271370126185,10
3,"[16, 17, 5]",36.964357590345486,1.490359626096674,35.47399796424881,38.45471721644216,10
3,[],0.016496660696665187,0.1111196301640888,-0.0946229694674236,0.127616290860754,1000
4,"[0, 12, 7]",36.876600822598874,1.490359626096674,35.3862411965022,38.36696044869555,10
4,"[1, 12, 6]",43.889212808944464,1.490359626096674,42.39885318284779,45.37957243504114,10
4,"[0, 2, 6, 7]",58.387022512451196,1.490359626096674,56.89666288635452,59.87738213854787,10
4,"[0, 1, 7]",43.03865276489429,1.490359626096674,41.54829313879761,44.529012390990964,10
4,"[2, 6]",27.975985883522462,1.490359626096674,26.48562625742579,29.466345509619135,10
4,"[0, 12]",33.439503123566276,1.490359626096674,31.949143497469603,34.92986274966295,10
4,"[0, 2, 12]",49.47779076514953,1.490359626096674,47.98743113905285,50.968150391246205,10
4,[1],12.331875624657822,1.490359626096674,10.841515998561148,13.822235250754497,10
4,"[1, 12, 7]",34.34057730681051,1.490359626096674,32.85021768071383,35.830936932907186,10
4,"[0, 12, 6]",59.72144713270056,1.490359626096674,58.231087506603885,61.21180675879724,10
4,"[1, 2, 6, 7]",73.21633533897682,1.490359626096674,71.72597571288014,74.7066949650735,10
4,"[1, 7]",17.686411288980217,1.490359626096674,16.196051662883544,19.17677091507689,10
4,"[0, 6]",31.607395990024077,1.490359626096674,30.117036363927404,33.09775561612075,10
4,"[1, 2, 7]",42.55219561359181,1.490359626096674,41.06183598749514,44.04255523968849,10
4,"[0, 2, 6]",47.368788189294605,1.490359626096674,45.87842856319793,48.85914781539128,10
4,"[1, 12, 6, 7]",74.0051545818523,1.490359626096674,72.51479495575562,75.49551420794897,10
4,"[0, 2]",33.116505884099396,1.490359626096674,31.626146258002723,34.60686551019607,10
4,"[1, 6, 7]",36.66153696222924,1.490359626096674,35.171177336132565,38.15189658832592,10
4,"[1, 2, 12, 7]",59.753457129209835,1.490359626096674,58.26309750311316,61.24381675530651,10
4,"[0, 2, 12, 6]",76.14139676811075,1.490359626096674,74.65103714201408,77.63175639420743,10
4,"[2, 12, 6]",47.67818071291812,1.490359626096674,46.187821086821444,49.1685403390148,10
4,"[0, 1, 6, 7]",73.84128128413374,1.490359626096674,72.35092165803707,75.33164091023042,10
4,"[12, 6]",31.491458437548417,0.3782754381905773,31.11318299935784,31.869733875738994,100
4,"[1, 6]",23.83203498872314,1.490359626096674,22.341675362626468,25.322394614819814,10
4,"[0, 7]",20.237031277883567,1.490359626096674,18.746671651786894,21.72739090398024,10
4,"[0, 2, 6, 7, 12]",97.38459849702869,1.490359626096674,95.89423887093201,98.87495812312537,10
4,"[0, 2, 7]",36.28604565940431,1.490359626096674,34.79568603330763,37.776405285500985,10
4,"[1, 2, 6]",43.189039851154725,1.490359626096674,41.69868022505805,44.6793994772514,10
4,"[0, 12, 6, 7]",81.34116958704749,1.490359626096674,79.85080996095081,82.83152921314417,10
4,"[0, 1, 6, 7, 12]",122.80833186063985,1.490359626096674,121.31797223454318,124.29869148673653,10
4,"[2, 6, 7]",33.12693773346295,1.490359626096674,31.63657810736628,34.61729735955963,10
4,"[0, 1, 2]",60.081541239963144,1.490359626096674,58.59118161386647,61.57190086605982,10
4,"[0, 1, 12, 6]",95.86896991906505,0.3782754381905773,95.49069448087448,96.24724535725562,100
4,"[6, 7]",16.711174093562274,1.490359626096674,15.2208144674656,18.201533719658947,10
4,"[0, 1]",32.13036648463969,1.490359626096674,30.640006858543014,33.62072611073636,10
4,"[0, 1, 12, 7]",59.806568738236386,1.490359626096674,58.31620911213971,61.29692836433306,10
4,"[0, 1, 2, 7, 12]",98.22933118418419,1.490359626096674,96.73897155808751,99.71969081028087,10
4,"[1, 12]",29.25549443869582,1.490359626096674,27.765134812599147,30.745854064792493,10
4,"[1, 2, 12]",48.292520423001136,1.490359626096674,46.80216079690446,49.78288004909781,10
4,"[0, 1, 6]",54.025753820909095,1.490359626096674,52.53539419481242,55.51611344700577,10
4,"[2, 12, 6, 7]",58.363796279312474,1.490359626096674,56.8734366532158,59.85415590540915,10
4,"[0, 1, 2, 12]",77.0310726339032,1.490359626096674,75.54071300780652,78.52143225999987,10
4,"[2, 7]",19.75537744392642,1.490359626096674,18.265017817829747,21.245737070023093,10
4,[12],16.696660593492417,0.3782754381905773,16.31838515530184,17.074936031682995,100
4,"[2, 12, 7]",36.31025751195956,1.490359626096674,34.819897885862886,37.80061713805624,10
4,[2],16.21078668293628,1.490359626096674,14.720427056839606,17.701146309032953,10
4,"[12, 7]",20.168858509711356,1.490359626096674,18.678498883614683,21.65921813580803,10
4,"[0, 1, 2, 6, 7]",122.24516988204792,1.490359626096674,120.75481025595124,123.7355295081446,10
4,"[0, 1, 2, 6, 7, 12]",172.40786972034198,1.490359626096674,170.9175100942453,173.89822934643865,10
4,"[1, 2]",31.388830470694984,1.490359626096674,29.89847084459831,32.87919009679166,10
4,"[0, 6, 7]",42.62445500332548,1.490359626096674,41.1340953772288,44.114814629422156,10
4,"[0, 2, 12, 7]",53.15481128707779,1.490359626096674,51.664451660981115,54.64517091317447,10
4,"[1, 2, 12, 6]",63.04332295696834,1.490359626096674,61.55296333087166,64.53368258306502,10
4,"[0, 1, 2, 7]",81.24213866526695,1.490359626096674,79.75177903917027,82.73249829136363,10
4,[7],3.3906563038472606,1.490359626096674,1.9002966777505865,4.881015929943935,10
4,"[2, 12]",32.62481596771022,1.490359626096674,31.134456341613546,34.115175593806896,10
4,"[12, 6, 7]",42.46583361714728,1.490359626096674,40.975473991050606,43.95619324324396,10
4,"[0, 1, 12]",48.66724697786988,1.490359626096674,47.1768873517732,50.157606603966556,10
4,[6],11.336622534747619,1.490359626096674,9.846262908650944,12.826982160844294,10
4,"[0, 1, 2, 6]",95.0583802038996,1.490359626096674,93.56802057780293,96.54873982999628,10
4,"[1, 2, 6, 7, 12]",122.1892310278809,1.490359626096674,120.69887140178422,123.67959065397757,10
4,"[0, 1, 2, 6, 12]",148.37724709722463,0.034616367652045704,148.3426307295726,148.41186346487666,10000
4,[],0.2995846562673442,1.490359626096674,-1.19077496982933,1.7899442823640181,10
4,[0],16.837338657677776,1.490359626096674,15.346979031581101,18.32769828377445,10
5,"[17, 4, 5, 9, 10]",122.07818793094816,1.490359626096674,120.58782830485148,123.56854755704484,10
5,"[9, 11, 5]",39.645848344417715,1.490359626096674,38.15548871832104,41.13620797051439,10
5,"[16, 17, 4, 5, 10, 11]",198.06412386183618,0.034616367652045704,198.02950749418414,198.09874022948821,10000
5,"[17, 4, 5, 10, 11]",135.9119800133515,1.490359626096674,134.42162038725482,137.40233963944817,10
5,"[16, 9, 4, 17]",77.16032400445616,1.490359626096674,75.66996437835948,78.65068363055283,10
5,[10],13.337650942623393,1.490359626096674,11.847291316526718,14.828010568720067,10
5,"[16, 17, 5, 10, 11]",149.2471321617732,1.490359626096674,147.75677253567653,150.73749178786989,10
5,"[16, 17, 5, 9, 10]",135.99109933051594,1.490359626096674,134.50073970441926,137.4814589566126,10
5,"[17, 4, 9, 10, 11]",140.99064134647273,1.490359626096674,139.50028172037605,142.4810009725694,10
5,"[16, 4, 5, 9, 10, 11]",193.71750792945107,1.490359626096674,192.2271483033544,195.20786755554775,10
5,"[16, 17]",45.228978224909405,1.490359626096674,43.73861859881273,46.71933785100608,10
5,"[16, 11, 4]",40.03194269933967,1.490359626096674,38.541583073243,41.52230232543635,10
5,"[16, 10, 4, 5]",107.50071520800046,1.490359626096674,106.01035558190378,108.99107483409713,10
5,"[9, 10, 4, 5]",102.00140057981024,1.490359626096674,100.51104095371356,103.49176020590691,10
5,[16],20.784730451313912,1.490359626096674,19.29437082521724,22.275090077410585,10
5,"[16, 17, 10]",72.00867642934563,1.490359626096674,70.51831680324895,73.4990360554423,10
5,"[16, 9, 11]",43.24639703294514,1.490359626096674,41.75603740684846,44.736756659041816,10
5,"[16, 10, 5]",53.440536459492705,1.490359626096674,51.95017683339603,54.93089608558938,10
5,"[16, 17, 4, 5, 11]",150.89775971970084,1.490359626096674,149.40740009360417,152.38811934579752,10
5,"[16, 10, 11, 5]",91.11828765228151,1.490359626096674,89.62792802618483,92.60864727837819,10
5,"[17, 11, 4]",40.924737134855924,1.490359626096674,39.43437750875925,42.4150967609526,10
5,"[10, 5]",29.07981068041583,1.490359626096674,27.589451054319156,30.5701703065125,10
5,"[16, 10, 11]",51.84890510189509,1.490359626096674,50.358545475798415,53.33926472799177,10
5,"[16, 9, 10, 11]",95.11134401123952,1.490359626096674,93.62098438514285,96.6017036373362,10
5,"[16, 17, 10, 5]",87.38592319686087,1.490359626096674,85.8955635707642,88.87628282295755,10
5,"[16, 10, 4]",64.9125869690931,1.490359626096674,63.42222734299642,66.40294659518977,10
5,"[16, 10, 11, 4]",89.08833990139682,1.490359626096674,87.59798027530015,90.5786995274935,10
5,"[16, 9, 4, 5]",71.87454695442167,1.490359626096674,70.384187328325,73.36490658051835,10
5,"[16, 11, 4, 5]",66.43023831792038,1.490359626096674,64.93987869182371,67.92059794401706,10
5,"[10, 4]",30.688547381528707,1.490359626096674,29.198187755432034,32.178907007625384,10
5,"[17, 10, 11]",50.16555726715683,1.490359626096674,48.67519764106015,51.655916893253504,10
5,"[9, 10, 11, 17]",93.0622033401469,1.490359626096674,91.57184371405022,94.55256296624357,10
5,"[9, 5, 17]",52.71741016352708,1.490359626096674,51.2270505374304,54.207769789623754,10
5,"[4, 5, 9, 10, 11]",132.44500927872377,1.490359626096674,130.9546496526271,133.93536890482045,10
5,"[4, 5]",32.5369005931285,1.490359626096674,31.046540967031827,34.02726021922518,10
5,"[17, 11, 5]",52.22820965609088,1.490359626096674,50.737850029994206,53.71856928218756,10
5,"[9, 11, 5, 17]",70.36565110376836,1.490359626096674,68.87529147767168,71.85601072986503,10
5,"[16, 9, 11, 4]",57.773693738015254,1.490359626096674,56.28333411191858,59.26405336411193,10
5,"[16, 5]",35.99517398399136,1.490359626096674,34.50481435789468,37.485533610088034,10
5,"[16, 5, 9, 10, 11]",145.4381316271792,1.490359626096674,143.9477720010825,146.92849125327587,10
5,"[9, 17]",37.432716872420826,1.490359626096674,35.94235724632415,38.9230764985175,10
5,"[10, 11]",19.847204206993766,1.490359626096674,18.356844580897093,21.33756383309044,10
5,"[9, 11, 4]",36.70818251382268,1.490359626096674,35.217822887726,38.198542139919354,10
5,"[17, 10, 4]",50.500891696899295,1.490359626096674,49.01053207080262,51.99125132299597,10
5,"[9, 5]",33.30002838369917,1.490359626096674,31.8096687576025,34.79038800979585,10
5,"[11, 5]",21.489938862315693,1.490359626096674,19.99957923621902,22.980298488412366,10
5,"[17, 4, 5]",52.63272339729016,1.490359626096674,51.14236377119348,54.12308302338683,10
5,"[16, 17, 4, 9, 10]",174.38629169890675,1.490359626096674,172.89593207281007,175.87665132500342,10
5,"[16, 9, 5, 17]",77.98825817072867,1.490359626096674,76.497898544632,79.47861779682535,10
5,"[16, 17, 4, 5, 9]",95.58969656892944,1.490359626096674,94.09933694283276,97.08005619502612,10
5,"[9, 11]",22.217604835600095,1.490359626096674,20.727245209503423,23.70796446169677,10
5,"[9, 4, 17]",51.82522261911,1.490359626096674,50.334862993013324,53.31558224520668,10
5,"[9, 11, 4, 17]",58.95742038636921,1.490359626096674,57.46706076027253,60.447780012465884,10
5,"[17, 10, 4, 5]",77.32588313407072,1.490359626096674,75.83552350797405,78.8162427601674,10
5,"[16, 4, 9, 10, 11]",143.9139831898744,1.490359626096674,142.4236235637777,145.40434281597106,10
5,"[16, 4, 5, 9, 11]",84.52034006236089,1.490359626096674,83.02998043626421,86.01069968845756,10
5,"[9, 10, 11]",47.66789453159281,1.490359626096674,46.17753490549613,49.158254157689484,10
5,"[17, 10, 11, 5]",88.37049400443212,1.490359626096674,86.88013437833544,89.8608536305288,10
5,"[9, 10, 5, 17]",69.87053511463503,1.490359626096674,68.38017548853836,71.36089474073171,10
5,[5],15.748582646432686,1.490359626096674,14.258223020336011,17.23894227252936,10
5,"[16, 17, 4, 5, 9, 11]",168.6755806121041,1.490359626096674,167.18522098600744,170.1659402382008,10
5,"[16, 17, 10, 4]",114.72121712698245,1.490359626096674,113.23085750088578,116.21157675307913,10
5,[],0.12135454453038252,1.490359626096674,-1.3690050815662915,1.6117141706270566,10
5,"[16, 17, 4, 5]",78.21216665336354,1.490359626096674,76.72180702726686,79.70252627946022,10
5,"[17, 11, 4, 5]",90.01635150315944,1.490359626096674,88.52599187706276,91.50671112925612,10
5,"[16, 17, 4, 10, 11]",147.83173158682672,1.490359626096674,146.34137196073004,149.3220912129234,10
5,"[16, 17, 10, 11]",98.01395761217688,1.490359626096674,96.5235979860802,99.50431723827356,10
5,"[16, 4, 5, 10, 11]",138.49835990150407,1.490359626096674,137.0080002754074,139.98871952760075,10
5,"[16, 17, 11, 5]",101.13468488122815,1.490359626096674,99.64432525513148,102.62504450732483,10
5,"[17, 5, 9, 10, 11]",142.96027157335962,1.490359626096674,141.46991194726294,144.4506311994563,10
5,"[9, 4, 5]",50.83451943313149,1.490359626096674,49.34415980703481,52.32487905922817,10
5,"[16, 17, 5, 9, 10, 11]",206.0346926295136,1.490359626096674,204.5443330034169,207.52505225561026,10
5,"[16, 9, 11, 17]",78.03238780357357,1.490359626096674,76.5420281774769,79.52274742967025,10
5,"[16, 9, 17]",62.868320107732714,1.490359626096674,61.37796048163604,64.35867973382939,10
5,"[11, 4]",18.906887420568463,1.490359626096674,17.41652779447179,20.397247046665136,10
5,"[16, 17, 4, 5, 9, 10]",227.9956375354838,1.490359626096674,226.50527790938713,229.48599716158049,10
5,"[17, 10, 5]",48.31458925893871,1.490359626096674,46.824229632842034,49.80494888503539,10
5,"[16, 9, 10, 4]",111.57259420495004,1.490359626096674,110.08223457885336,113.06295383104671,10
5,"[16, 17, 11, 4]",74.1081599138558,1.490359626096674,72.61780028775912,75.59851953995248,10
5,"[16, 9]",38.77529377434139,1.490359626096674,37.284934148244716,40.26565340043807,10
5,[17],19.880619727682223,1.490359626096674,18.39026010158555,21.370979353778896,10
5,"[9, 10, 17]",54.21542367190725,1.490359626096674,52.725064045810576,55.70578329800393,10
5,"[17, 4, 5, 9, 11]",108.12382032202291,1.490359626096674,106.63346069592623,109.61417994811958,10
5,"[9, 10, 11, 5]",85.52324240068761,1.490359626096674,84.03288277459093,87.01360202678428,10
5,"[16, 10]",38.30456901825522,1.490359626096674,36.814209392158546,39.7949286443519,10
5,"[16, 9, 4]",53.202751620850485,1.490359626096674,51.71239199475381,54.69311124694716,10
5,"[9, 10]",34.7070749790434,1.490359626096674,33.21671535294672,36.197434605140074,10
5,"[9, 10, 4, 17]",80.53801861156923,1.490359626096674,79.04765898547255,82.0283782376659,10
5,"[9, 4, 5, 17]",70.4022439661657,1.490359626096674,68.91188434006902,71.89260359226238,10
5,"[16, 9, 10, 17]",120.7451719691613,1.490359626096674,119.25481234306463,122.23553159525798,10
5,"[16, 17, 5]",60.4123109943363,1.490359626096674,58.921951368239625,61.90267062043298,10
5,"[16, 4, 5, 9, 10]",165.38265947492138,1.490359626096674,163.8922998488247,166.87301910101806,10
5,"[9, 10, 11, 4]",84.15604376215046,1.490359626096674,82.66568413605378,85.64640338824714,10
5,"[17, 10]",33.588984990650204,1.490359626096674,32.09862536455353,35.07934461674688,10
5,"[10, 11, 4]",43.35404902125146,1.490359626096674,41.863689395154786,44.84440864734814,10
5,"[9, 11, 4, 5]",63.41908047811514,1.490359626096674,61.928720852018465,64.90944010421181,10
5,"[17, 5]",34.986572350768924,1.490359626096674,33.49621272467225,36.4769319768656,10
5,"[11, 4, 5]",45.32510498875335,1.490359626096674,43.834745362656676,46.81546461485003,10
5,"[16, 4]",35.39695390841495,1.490359626096674,33.906594282318274,36.88731353451163,10
5,"[16, 17, 11]",60.023950749239646,1.490359626096674,58.53359112314297,61.51431037533632,10
5,"[16, 11, 5]",43.04291318892336,1.490359626096674,41.55255356282668,44.533272815020034,10
5,"[16, 9, 11, 5]",60.784976902928705,1.490359626096674,59.29461727683203,62.27533652902538,10
5,"[9, 4]",32.25520895540535,1.490359626096674,30.764849329308678,33.74556858150203,10
5,"[9, 11, 17]",44.757041217352665,1.490359626096674,43.26668159125599,46.24740084344934,10
5,"[16, 11]",25.759911745865328,1.490359626096674,24.269552119768655,27.250271371962,10
5,"[16, 17, 4]",59.165732457163664,1.490359626096674,57.67537283106699,60.65609208326034,10
5,"[16, 4, 5]",53.925194350531186,1.490359626096674,52.43483472443451,55.41555397662786,10
5,"[17, 4]",34.20677313536828,1.490359626096674,32.716413509271604,35.69713276146496,10
5,"[16, 17, 4, 9, 10, 11]",203.53167266515004,1.490359626096674,202.04131303905336,205.02203229124672,10
5,"[9, 10, 5]",49.898303042581446,1.490359626096674,48.40794341648477,51.38866266867812,10
5,"[10, 11, 5]",43.99758798465501,1.490359626096674,42.507228358558336,45.48794761075169,10
5,"[16, 17, 9, 10, 11]",154.35611163829753,1.490359626096674,152.86575201220086,155.8464712643942,10
5,[11],4.399488428739632,1.490359626096674,2.9091288026429583,5.889848054836306,10
5,[9],17.63330769896258,1.490359626096674,16.142948072865906,19.12366732505925,10
5,"[16, 17, 5, 9, 11]",118.94638485555178,1.490359626096674,117.45602522945511,120.43674448164846,10
5,"[17, 10, 11, 4]",87.34578045266423,1.490359626096674,85.85542082656755,88.8361400787609,10
5,"[17, 11]",26.790691023981793,1.490359626096674,25.30033139788512,28.281050650078466,10
5,"[10, 11, 4, 5]",79.64725884511768,1.490359626096674,78.156899219021,81.13761847121435,10
5,"[10, 4, 5]",57.37115618422437,1.490359626096674,55.88079655812769,58.861515810321045,10
5,[4],14.547802222674482,1.490359626096674,13.057442596577808,16.038161848771157,10
5,"[16, 9, 10, 5]",84.78780546059582,1.490359626096674,83.29744583449914,86.2781650866925,10
5,"[9, 10, 4]",60.751804512586105,1.490359626096674,59.26144488648943,62.24216413868278,10
5,"[16, 17, 4, 5, 9, 10, 11]",249.35326167100823,0.3782754381905773,248.97498623281766,249.7315371091988,100
5,"[16, 9, 10]",69.79265508511057,1.490359626096674,68.30229545901389,71.28301471120724,10
5,"[16, 17, 4, 9, 11]",92.19611457975161,1.490359626096674,90.70575495365493,93.68647420584828,10
5,"[16, 17, 4, 5, 10]",169.37715786727927,0.3782754381905773,168.9988824290887,169.75543330546984,100
5,"[17, 4, 5, 9, 10, 11]",191.17378062520135,1.490359626096674,189.68342099910467,192.66414025129802,10
5,"[16, 9, 5]",54.13873451451552,1.490359626096674,52.64837488841884,55.629094140612196,10
